insert into users (first_name, last_name, address_1, address_2, city, country, zip_code, email_address, privilege) values ('Vivyan', 'Cottesford', '775 Roxbury Avenue', 88, 'Joliet', 'United States', 126152, 'vcottesford0@1688.com', 1);
insert into users (first_name, last_name, address_1, address_2, city, country, zip_code, email_address, privilege) values ('Barron', 'Goodall', '53598 Buell Drive', 79, 'Milwaukee', 'United States', 643407, 'bgoodall1@mozilla.org', 1);
insert into users (first_name, last_name, address_1, address_2, city, country, zip_code, email_address, privilege) values ('Devon', 'Heistermann', '77 Nancy Trail', 4, 'Beaufort', 'United States', 135469, 'dheistermann2@friendfeed.com', 1);
insert into users (first_name, last_name, address_1, address_2, city, country, zip_code, email_address, privilege) values ('Ebenezer', 'Caley', '3 Dwight Crossing', 26, 'Sacramento', 'United States', 402281, 'ecaley3@shareasale.com', 1);
insert into users (first_name, last_name, address_1, address_2, city, country, zip_code, email_address, privilege) values ('Lance', 'Twaite', '0291 Welch Way', 56, 'Knoxville', 'United States', 559543, 'ltwaite4@ca.gov', 1);
insert into users (first_name, last_name, address_1, address_2, city, country, zip_code, email_address, privilege) values ('Phyllida', 'Dalman', '88972 Red Cloud Parkway', 72, 'Arlington', 'United States', 378495, 'pdalman5@paypal.com', 1);
insert into users (first_name, last_name, address_1, address_2, city, country, zip_code, email_address, privilege) values ('Rosabelle', 'Matysiak', '279 Clyde Gallagher Alley', 99, 'Sioux Falls', 'United States', 305679, 'rmatysiak6@issuu.com', 1);
insert into users (first_name, last_name, address_1, address_2, city, country, zip_code, email_address, privilege) values ('Jany', 'Johanchon', '880 Barby Road','', 'San Jose', 'United States', 643953, 'jjohanchon7@nsw.gov.au', 1);
insert into users (first_name, last_name, address_1, address_2, city, country, zip_code, email_address, privilege) values ('Aland', 'Picheford', '68007 Roth Center', 9, 'Hagerstown', 'United States', 951622, 'apicheford8@yelp.com', 1);
insert into users (first_name, last_name, address_1, address_2, city, country, zip_code, email_address, privilege) values ('Taffy', 'Cousen', '3371 Schlimgen Drive', 17, 'Memphis', 'United States', 181197, 'tcousen9@free.fr', 1);
insert into users (first_name, last_name, address_1, address_2, city, country, zip_code, email_address, privilege) values ('Nikki', 'Collister', '526 Cambridge Drive','', 'Wilmington', 'United States', 633187, 'ncollistera@salon.com', 1);
insert into users (first_name, last_name, address_1, address_2, city, country, zip_code, email_address, privilege) values ('Faina', 'Rodinger', '1 Linden Parkway', 88, 'Colorado Springs', 'United States', 358953, 'frodingerb@techcrunch.com', 1);
insert into users (first_name, last_name, address_1, address_2, city, country, zip_code, email_address, privilege) values ('Augy', 'Northam', '7574 Thompson Park', 75, 'El Paso', 'United States', 690102, 'anorthamc@altervista.org', 1);
insert into users (first_name, last_name, address_1, address_2, city, country, zip_code, email_address, privilege) values ('Gar', 'Barrott', '66 La Follette Way', 45, 'Young America', 'United States', 223733, 'gbarrottd@jigsy.com', 1);
insert into users (first_name, last_name, address_1, address_2, city, country, zip_code, email_address, privilege) values ('Bidget', 'Davitti', '17 Petterle Junction', 82, 'Washington', 'United States', 274027, 'bdavittie@mapy.cz', 1);
insert into users (first_name, last_name, address_1, address_2, city, country, zip_code, email_address, privilege) values ('Theressa', 'Sowden', '001 Jay Place', 83, 'Beaumont', 'United States', 608444, 'tsowdenf@irs.gov', 1);
insert into users (first_name, last_name, address_1, address_2, city, country, zip_code, email_address, privilege) values ('Delmor', 'Jewiss', '4028 High Crossing Junction', 86, 'Oklahoma City', 'United States', 141423, 'djewissg@sbwire.com', 1);
insert into users (first_name, last_name, address_1, address_2, city, country, zip_code, email_address, privilege) values ('Dorree', 'Collingdon', '59850 Doe Crossing Center', 89, 'Dean', 'United Kingdom', 932242, 'dcollingdonh@jalbum.net', 1);
insert into users (first_name, last_name, address_1, address_2, city, country, zip_code, email_address, privilege) values ('Karlyn', 'Landers', '15 Spenser Street', 67, 'Washington', 'United States', 243681, 'klandersi@amazonaws.com', 1);
insert into users (first_name, last_name, address_1, address_2, city, country, zip_code, email_address, privilege) values ('Allix', 'Northbridge', '63 Maryland Terrace','', 'Trenton', 'United States', 528253, 'anorthbridgej@163.com', 1);

insert into managers (email_address, first_name, last_name, privilege) values ('uebermas@oreple.com','Aylmer', 'Turri', 2);
insert into managers (email_address, first_name, last_name, privilege) values ('uebeasa87as@oreajse.com','Ripley', 'Blennerhassett', 2);
insert into managers (email_address, first_name, last_name, privilege) values ('mikeysas12@catnsps.com','Elwood', 'Woodson', 2);
insert into managers (email_address, first_name, last_name, privilege) values ('mackeyhj@kpreepe.com','Gery', 'Hynson', 2);
insert into managers (email_address, first_name, last_name, privilege) values ('snoghmeml122@nownows.com','Lurette', 'Whitlam', 2);

insert into admins (email_address, first_name, last_name, privilege) values ('adminas@storefrons.com','Monique', 'Darque', 3);

insert into products (title, category, price, product_description, qty, product_img, alt_text) values ('Alien Science Toy', 'Toy,Science,Figure',4.99,'Gather your crew to take on, fight, and eradicate the ever growing numbers of these terrifying aliens!', 32, 'img_alien', 'Alien Toy in package');
insert into products (title, category, price, product_description, qty, product_img, alt_text) values ('Blue Heeler Toy', 'Toy,Dog,Blue,Plush',7.99,'Bluey is your best friend! This 10 inch plush is ready for cuddles', 0, 'img_bluey', 'Blue Dog Plush');
insert into products (title, category, price, product_description, qty, product_img, alt_text) values ('Grey Dog Plush', 'Toy,Dog,Grey,Plush',8.99,'This grey dog plush is ready for snuggles', 2, 'img_dog_plush', 'Fuzzy grey dog plush');
insert into products (title, category, price, product_description, qty, product_img, alt_text) values ('Fox Figure', 'Toy,Animal,Figure',3.99,'A realistic fox figure! Collect them all!', 132, 'img_fox', 'Painted Fox figure');
insert into products (title, category, price, product_description, qty, product_img, alt_text) values ('Giraffe Toy', 'Toy,Animal,Plush',9.99,'A sturdy Giraffe plush ready for tumble & play', 79, 'img_giraffe', 'Giraffe Plush');
insert into products (title, category, price, product_description, qty, product_img, alt_text) values ('Metal Pin Toy', 'Toy,Science,Art',10.99,'A science kit for curious kids', 12, 'img_hand', 'Metal pin kit in package');
insert into products (title, category, price, product_description, qty, product_img, alt_text) values ('IronMan Toy', 'Toy,Marvel,Figure',11.99,'Gather the Avengers with this new Ironman figure!', 5, 'img_ironman', 'Ironman Figure');
insert into products (title, category, price, product_description, qty, product_img, alt_text) values ('Blocky Leopard Plush', 'Toy,Video Games,Plush',8.99,'Rawr! This leopard is ready to play!', 1, 'img_leopard', 'Blocky Leopard plush with spots');
insert into products (title, category, price, product_description, qty, product_img, alt_text) values ('Robot Figures', 'Toy,Fashion,Figure',10.99,'Play dress up with these cute alien figures!', 0, 'img_robot_figures', 'Alien Toy in package');
insert into products (title, category, price, product_description, qty, product_img, alt_text) values ('Science Experiment Kit', 'Toy,Science,Kit',12.99,'Learn new science facts by yourself of with friends!', 2, 'img_science', 'Science kit with bottles');
insert into products (title, category, price, product_description, qty, product_img, alt_text) values ('Sushi PreSchool Set', 'Toy,Food,Figure',12.99,'Pretend to be the owner of your own sushi bar!', 192, 'img_sushi', 'Sushi toy set');
insert into products (title, category, price, product_description, qty, product_img, alt_text) values ('T-Rex Figure', 'Toy,Science,Figure',9.99,'Rawr! This T-rex is ready to play!', 76, 'img_trex', 'T-Rex out of package');

INSERT INTO inventory (item_id, stock_num) SELECT sku, qty FROM products;

insert into user_orders (order_id, customer_id, created_date, shipped_date) values (1, 1, '2019-07-31', '2019-05-09');
insert into user_orders (order_id, customer_id, created_date, shipped_date) values (2, 3, '2021-03-21', '2018-10-27');
insert into user_orders (order_id, customer_id, created_date, shipped_date) values (3, 3, '2018-10-02', '2019-12-26');
insert into user_orders (order_id, customer_id, created_date, shipped_date) values (4, 4, '2018-02-18', '2021-06-20');
insert into user_orders (order_id, customer_id, created_date, shipped_date) values (5, 6, '2021-08-26', '2021-07-14');
insert into user_orders (order_id, customer_id, created_date, shipped_date) values (6, 7, '2018-09-17', '2019-05-25');
insert into user_orders (order_id, customer_id, created_date, shipped_date) values (7, 8, '2018-11-18', '2021-01-15');
insert into user_orders (order_id, customer_id, created_date, shipped_date) values (8, 10, '2018-09-25', '2019-10-30');
insert into user_orders (order_id, customer_id, created_date, shipped_date) values (9, 12, '2020-03-22', '2019-03-05');
insert into user_orders (order_id, customer_id, created_date, shipped_date) values (10, 13, '2020-04-08', '2019-09-09');
insert into user_orders (order_id, customer_id, created_date, shipped_date) values (11, 15, '2021-06-11', '2019-04-19');
insert into user_orders (order_id, customer_id, created_date, shipped_date) values (12, 16, '2018-06-07', '2019-02-25');
insert into user_orders (order_id, customer_id, created_date, shipped_date) values (13, 17, '2018-03-11', '2018-05-16');
insert into user_orders (order_id, customer_id, created_date, shipped_date) values (14, 19, '2020-02-19', '2018-04-13');
insert into user_orders (order_id, customer_id, created_date, shipped_date) values (15, 2, '2018-04-09', '2019-10-28');
insert into user_orders (order_id, customer_id, created_date, shipped_date) values (16, 2, '2019-12-28', '2018-11-19');
insert into user_orders (order_id, customer_id, created_date, shipped_date) values (17, 10, '2020-06-15', '2021-03-17');
insert into user_orders (order_id, customer_id, created_date, shipped_date) values (18, 17, '2019-04-11', '2019-08-15');
insert into user_orders (order_id, customer_id, created_date, shipped_date) values (19, 19, '2020-12-31', '2020-10-15');
insert into user_orders (order_id, customer_id, created_date, shipped_date) values (20, 19, '2018-10-22', '2019-08-02');
insert into user_orders (order_id, customer_id, created_date, shipped_date) values (21, 20, '2020-01-14', '2018-09-03');

insert into user_login (customer_id, email, user_username, user_password, privilege) values (1,'1','nsexten0', 'AmIJ4DpLE', 1);
insert into user_login (customer_id, email, user_username, user_password, privilege) values (2,'2','jbutters1', 'waECZdcQwaw', 1);
insert into user_login (customer_id, email, user_username, user_password, privilege) values (3,'3','lcahen2', 'zL24HlGvwSEz', 1);
insert into user_login (customer_id, email, user_username, user_password, privilege) values (4,'4','bkelinge3', 'Wp4OtVE47BSS', 1);
insert into user_login (customer_id, email, user_username, user_password, privilege) values (5,'5','dgoss4', 'AsTEqma3', 1);
insert into user_login (customer_id, email, user_username, user_password, privilege) values (6,'6','fbettley5', 'sUanA5Kfj', 1);
insert into user_login (customer_id, email, user_username, user_password, privilege) values (7,'7','tjerger6', 'dVgdVKhw', 1);
insert into user_login (customer_id, email, user_username, user_password, privilege) values (8,'8','jtreadgold7', 'pvTOz9HRoOCH', 1);
insert into user_login (customer_id, email, user_username, user_password, privilege) values (9,'9','dackeroyd8', 'BPoVHSLy', 1);
insert into user_login (customer_id, email, user_username, user_password, privilege) values (10,'10','pmullarkey9', '6UgMjbaTUE7', 1);
insert into user_login (customer_id, email, user_username, user_password, privilege) values (11,'11','mhorbatha', 'xzV2dGbFe7', 1);
insert into user_login (customer_id, email, user_username, user_password, privilege) values (12,'12','tsaketb', 'kVgwSb', 1);
insert into user_login (customer_id, email, user_username, user_password, privilege) values (13,'13','sbaddeleyc', 'MVBCaJ8Kjh', 1);
insert into user_login (customer_id, email, user_username, user_password, privilege) values (14,'14','cknowllerd', 'LAOhDxk', 1);
insert into user_login (customer_id, email, user_username, user_password, privilege) values (15,'15','rfiggesse', 'S5aw4aS', 1);
insert into user_login (customer_id, email, user_username, user_password, privilege) values (16,'16','ufarfalameevf', '4jhLOaxxhB', 1);
insert into user_login (customer_id, email, user_username, user_password, privilege) values (17,'17','wjoerningg', '0jN8WQFuGdW', 1);
insert into user_login (customer_id, email, user_username, user_password, privilege) values (18,'18','selnerh', 'TyDT7ad46CH', 1);
insert into user_login (customer_id, email, user_username, user_password, privilege) values (19,'19','mstandrini', 'DIZ87sO', 1);
insert into user_login (customer_id, email, user_username, user_password, privilege) values (20,'20','tcasarinij', '635DGA', 1);
UPDATE user_login, users SET user_login.email = users.email_address WHERE user_login.customer_id = users.user_id;

insert into manager_login (manager_id, manager_email, manager_username, manager_password, privilege) values (1,'','sbigrigg0', 'v5dUat09', 2);
insert into manager_login (manager_id, manager_email, manager_username, manager_password, privilege) values (2,'1','tpowis1', '656CXZxv3Jx', 2);
insert into manager_login (manager_id, manager_email, manager_username, manager_password, privilege) values (3,'2','avazquez2', 'afCRvqAHP42m', 2);
insert into manager_login (manager_id, manager_email, manager_username, manager_password, privilege) values (4,'3','baccum3', 'hgf3Tpa3a', 2);
insert into manager_login (manager_id, manager_email, manager_username, manager_password, privilege) values (5,'4','rupchurch4', 'j0hAWZZ', 2);
UPDATE manager_login, managers SET manager_login.manager_email = managers.email_address WHERE manager_login.manager_id = managers.manager_id;

insert into admin_login (admin_id, admin_email, admin_username, admin_password, privilege) values (1, 'adminas@storefrons.com', 'bolufsen0', 'vh334ARfh', 3);

INSERT INTO privileges (privilege_id,privilege_name) values (1, 'Customer');
INSERT INTO privileges (privilege_id,privilege_name) values (2, 'Manager');
INSERT INTO privileges (privilege_id,privilege_name) values (3, 'Admin');
 